-- RESET
DROP TABLE TIPO_USUARIO CASCADE CONSTRAINTS;
DROP TABLE PAIS CASCADE CONSTRAINTS;
DROP TABLE GENERO CASCADE CONSTRAINTS;
DROP TABLE CONDUCTOR CASCADE CONSTRAINTS;
DROP TABLE REGION CASCADE CONSTRAINTS;
DROP TABLE COMUNA CASCADE CONSTRAINTS;
DROP TABLE IMAGEN CASCADE CONSTRAINTS;
DROP TABLE TIPO_DEPARTAMENTO CASCADE CONSTRAINTS;
DROP TABLE TIPO_MANTENCION CASCADE CONSTRAINTS;
DROP TABLE ESTADO_MANTENCION CASCADE CONSTRAINTS;
DROP TABLE INSTALACION CASCADE CONSTRAINTS;
DROP TABLE ESTADO_RESERVA CASCADE CONSTRAINTS;
DROP TABLE ESTADO_DEPTO CASCADE CONSTRAINTS;
DROP TABLE TIPO_PAGO CASCADE CONSTRAINTS;
DROP TABLE ASISTENTE CASCADE CONSTRAINTS;
DROP TABLE TIPO_SERVICIO CASCADE CONSTRAINTS;
DROP TABLE SERVICIO CASCADE CONSTRAINTS;
DROP TABLE TIPO_GASTO CASCADE CONSTRAINTS;
DROP TABLE INVENTARIO CASCADE CONSTRAINTS;
DROP TABLE DIRECCION CASCADE CONSTRAINTS;
DROP TABLE USUARIO CASCADE CONSTRAINTS;
DROP TABLE DEPARTAMENTO CASCADE CONSTRAINTS;
DROP TABLE RESERVA CASCADE CONSTRAINTS;
DROP TABLE SERVICIO_RESERVA CASCADE CONSTRAINTS;
DROP TABLE ASISTENTE_RESERVA CASCADE CONSTRAINTS;
DROP TABLE MANTENCION CASCADE CONSTRAINTS;
DROP TABLE PAGO CASCADE CONSTRAINTS;
DROP TABLE INSTALACION_DEPARTAMENTO CASCADE CONSTRAINTS;
DROP TABLE GASTO CASCADE CONSTRAINTS;

DROP SEQUENCE SEQ_TIPO_USUARIO;
DROP SEQUENCE SEQ_PAIS;
DROP SEQUENCE SEQ_GENERO;
DROP SEQUENCE SEQ_CONDUCTOR;
DROP SEQUENCE SEQ_REGION;
DROP SEQUENCE SEQ_COMUNA;
DROP SEQUENCE SEQ_IMAGEN;
DROP SEQUENCE SEQ_TIPO_DEPARTAMENTO;
DROP SEQUENCE SEQ_TIPO_MANTENCION;
DROP SEQUENCE SEQ_ESTADO_MANTENCION;
DROP SEQUENCE SEQ_INSTALACION;
DROP SEQUENCE SEQ_ESTADO_RESERVA;
DROP SEQUENCE SEQ_ESTADO_DEPTO;
DROP SEQUENCE SEQ_TIPO_PAGO;
DROP SEQUENCE SEQ_TIPO_SERVICIO;
DROP SEQUENCE SEQ_SERVICIO;
DROP SEQUENCE SEQ_TIPO_GASTO;
DROP SEQUENCE SEQ_INVENTARIO;
DROP SEQUENCE SEQ_DIRECCION;
DROP SEQUENCE SEQ_DEPARTAMENTO;
DROP SEQUENCE SEQ_RESERVA;
DROP SEQUENCE SEQ_SERVICIO_RESERVA;
DROP SEQUENCE SEQ_ASISTENTE_RESERVA;
DROP SEQUENCE SEQ_MANTENCION;
DROP SEQUENCE SEQ_PAGO;
DROP SEQUENCE SEQ_INSTALACION_DEPARTAMENTO;
DROP SEQUENCE SEQ_GASTO;

-- TIPO_USUARIO
CREATE TABLE TIPO_USUARIO(
    ID_TIPO INTEGER NOT NULL PRIMARY KEY,
    TIPO VARCHAR2(50) NOT NULL
);

-- PAIS
CREATE TABLE PAIS(
    ID_PAIS INTEGER NOT NULL PRIMARY KEY,
    PAIS VARCHAR2(100) NOT NULL
);

-- GENERO
CREATE TABLE GENERO(
    ID_GENERO INTEGER NOT NULL PRIMARY KEY,
    GENERO VARCHAR2(100) NOT NULL
);

-- CONDUCTOR
CREATE TABLE CONDUCTOR(
    ID_CONDUCTOR INTEGER NOT NULL PRIMARY KEY,
    NUMRUT_CONDUCTOR VARCHAR2(8) NOT NULL,
    DVRUT_CONDUCTOR VARCHAR2(1) NOT  NULL,
    PNOMBRE_CONDUCTOR VARCHAR2(100) NOT NULL,
    SNOMBRE_CONDUCTOR VARCHAR2(100) NOT NULL,
    APEPAT_CONDUCTOR VARCHAR2(100) NOT NULL,
    APEMAT_CONDUCTOR VARCHAR2(100) NOT NULL,
    MARCA_VEHICULO VARCHAR2(100) NOT NULL,
    MODELO_VEHICULO VARCHAR2(100) NOT NULL,
    PATENTE_VEHICULO VARCHAR2(10) NOT NULL,
    COLOR VARCHAR2(100) NOT NULL
);

-- REGION
CREATE TABLE REGION(
    ID_REGION INTEGER NOT NULL PRIMARY KEY,
    REGION VARCHAR2(100) NOT NULL
);

-- COMUNA
CREATE TABLE COMUNA(
    ID_COMUNA INTEGER NOT NULL PRIMARY KEY,
    COMUNA VARCHAR2(100) NOT NULL,
    ID_REGION INTEGER NOT NULL
);

-- IMAGEN
CREATE TABLE IMAGEN(
    ID_IMAGEN INTEGER NOT NULL PRIMARY KEY,
    ID_DEPARTAMENTO INTEGER NOT NULL,
    IMAGEN BLOB DEFAULT EMPTY_BLOB()
);

-- TIPO DEPARTAMENTO
CREATE TABLE TIPO_DEPARTAMENTO(
    ID_TIPO INTEGER NOT NULL PRIMARY KEY,
    TIPO_DEPARTAMENTO VARCHAR2(100) NOT NULL
);

-- TIPO MANTENCION
CREATE TABLE TIPO_MANTENCION(
    ID_TIPO INTEGER NOT NULL PRIMARY KEY,
    TIPO VARCHAR2(100)
);

-- ESTADO MANTENCION
CREATE TABLE ESTADO_MANTENCION(
    ID_ESTADO INTEGER NOT NULL PRIMARY KEY,
    ESTADO VARCHAR2(100) NOT NULL
);

-- INSTALACION
CREATE TABLE INSTALACION(
    ID_INSTALACION INTEGER NOT NULL PRIMARY KEY,
    INSTALACION VARCHAR2(100)
);

-- ESTADO RESERVA
CREATE TABLE ESTADO_RESERVA(
    ID_ESTADO INTEGER NOT NULL PRIMARY KEY,
    ESTADO VARCHAR2(100) NOT NULL
);

-- ESTADO DEPTO
CREATE TABLE ESTADO_DEPTO(
    ID_ESTADO INTEGER NOT NULL PRIMARY KEY,
    ESTADO VARCHAR2(100)
);

-- TIPO PAGO
CREATE TABLE TIPO_PAGO(
    ID_TIPO INTEGER NOT NULL PRIMARY KEY,
    TIPO_PAGO VARCHAR2(100) NOT NULL
);

-- ASISTENTE
CREATE TABLE ASISTENTE(
    NUMRUT_ASISTENTE VARCHAR2(8) NOT NULL PRIMARY KEY,
    DVRUT_ASISTENTE VARCHAR2(1) NOT NULL,
    PNOMBRE_ASISTENTE VARCHAR2(100) NOT NULL,
    SNOMBRE_ASISTENTE VARCHAR2(100) NOT NULL,
    APEPAT_ASISTENTE VARCHAR2(100) NOT NULL,
    APEMAT_ASISTENTE VARCHAR2(100) NOT NULL,
    CORREO_ASISTENTE VARCHAR2(50) NOT NULL
);

-- TIPO SERVICIO
CREATE TABLE TIPO_SERVICIO(
    ID_TIPO_SERVICIO INTEGER NOT NULL PRIMARY KEY,
    TIPO_SERVICIO VARCHAR2(100) NOT NULL
);

-- SERVICIO
CREATE TABLE SERVICIO(
    ID_SERVICIO INTEGER NOT NULL PRIMARY KEY,
    NOMBRE_SERVICIO VARCHAR(100) NOT NULL,
    DESCRIPCION VARCHAR2(255) NOT NULL,
    VALOR NUMBER NOT NULL,
    ID_TIPO_SERVICIO INTEGER NOT NULL
);

-- TIPO GASTO
CREATE TABLE TIPO_GASTO(
    ID_TIPO_GASTO INTEGER NOT NULL PRIMARY KEY,
    TIPO_GASTO VARCHAR2(100) NOT NULL
);

-- INVENTARIO
CREATE TABLE INVENTARIO(
    ID_INVENTARIO INTEGER NOT NULL PRIMARY KEY,
    ID_DEPARTAMENTO INTEGER NOT NULL,
    NOMBRE VARCHAR2(100) NOT NULL,
    VALOR NUMBER NOT NULL
);

-- DIRECCION
CREATE TABLE DIRECCION(
    ID_DIRECCION INTEGER NOT NULL PRIMARY KEY,
    ID_DEPARTAMENTO INTEGER,
    NUMRUT VARCHAR2(8),
    ID_COMUNA INTEGER NOT NULL,
    CALLE VARCHAR2(100) NOT NULL,
    NUMERO VARCHAR2(10) NOT NULL,
    DEPTO VARCHAR2(10),
    CASA VARCHAR2(10)
);

-- USUARIO
CREATE TABLE USUARIO(
    NUMRUT VARCHAR2(8) NOT NULL PRIMARY KEY,
    DVRUT VARCHAR2(1) NOT NULL,
    PNOMBRE VARCHAR2(100) NOT NULL,
    SNOMBRE VARCHAR2(100) NOT NULL,
    APEPAT VARCHAR2(100) NOT NULL,
    APEMAT VARCHAR2(100) NOT NULL,
    FEC_NAC DATE NOT NULL,
    CORREO VARCHAR2(100) NOT NULL,
    TELEFONO_MOVIL VARCHAR2(12),
    TELEFONO_FIJO VARCHAR2(12),
    PASSWORD VARCHAR2(255) NOT NULL,
    ID_GENERO INTEGER NOT NULL,
    ID_PAIS INTEGER NOT NULL,
    ID_TIPO INTEGER NOT NULL
);

-- DEPARTAMENTO
CREATE TABLE DEPARTAMENTO(
    ID_DEPARTAMENTO INTEGER NOT NULL PRIMARY KEY,
    ROL VARCHAR2(10) NOT NULL,
    DORMITORIO INTEGER NOT NULL,
    BANIOS INTEGER NOT NULL,
    --ID_DIRECCION INTEGER NOT NULL,
    DESCRIPCION VARCHAR2(255) NOT NULL,
    SUPERFICIE NUMBER NOT NULL,
    VALOR_DIARIO NUMBER NOT NULL,
    ID_TIPO INTEGER NOT NULL,
    ID_ESTADO INTEGER NOT NULL
);

-- RESERVA
CREATE TABLE RESERVA(
    ID_RESERVA INTEGER NOT NULL PRIMARY KEY,
    FEC_DESDE DATE NOT NULL,
    FEC_HASTA DATE NOT NULL,
    VALOR_ARRIENDO NUMBER NOT NULL,
    FECHORA_CHECKIN TIMESTAMP,
    FECHORA_CHECKOUT TIMESTAMP,
    CHECKIN_CONFORME CHAR(1),
    CHECKOUT_CONFORME CHAR(1),
    ESTADO_CHECKIN VARCHAR2(255),
    ESTADO_CHECKOUT VARCHAR2(255),
    ID_ESTADO INTEGER NOT NULL,
    ID_DEPARTAMENTO INTEGER NOT NULL,
    NUMRUT VARCHAR2(8) NOT NULL
);

-- SERVICIO RESERVA
CREATE TABLE SERVICIO_RESERVA(
    ID_SERVICIO_RESERVA INTEGER PRIMARY KEY,
    FEC_DESDE DATE NOT NULL,
    FEC_HASTA DATE NOT NULL,
    VALOR NUMBER NOT NULL,
    DESDE VARCHAR2(100),
    FEC_HORA_LLEGADA TIMESTAMP,
    ID_SERVICIO INTEGER NOT NULL,
    ID_CONDUCTOR INTEGER,
    ID_RESERVA INTEGER NOT NULL
);

-- ASISTENTE RESERVA
CREATE TABLE ASISTENTE_RESERVA(
    ID_ASISTENTE_RESERVA INTEGER NOT NULL PRIMARY KEY,
    ID_RESERVA INTEGER NOT NULL,
    NUMRUT_ASISTENTE VARCHAR2(8) NOT NULL
);

-- MANTENCION
CREATE TABLE MANTENCION(
    ID_MANTENCION INTEGER NOT NULL PRIMARY KEY,
    ID_DEPARTAMENTO INTEGER NOT NULL,
    ID_ESTADO INTEGER NOT NULL,
    ID_TIPO INTEGER NOT NULL,
    DESCRIPCION VARCHAR2(255),
    FECHA DATE NOT NULL,
    OBSERVACION VARCHAR2(255),
    VALOR NUMBER NOT NULL
);

-- PAGO
CREATE TABLE PAGO(
    ID_PAGO INTEGER NULL PRIMARY KEY,
    FECHA DATE NOT NULL,
    DESCRIPCION VARCHAR2(100) NOT NULL,
    FECHA_PAGO DATE,
    MONTO NUMBER NOT NULL,
    ID_TIPO INTEGER NOT NULL,
    ID_RESERVA INTEGER NOT NULL
);

-- INSTALACION DEPARTAMENTO
CREATE TABLE INSTALACION_DEPARTAMENTO(
    ID_INSTALACION_DEPTO INTEGER NOT NULL PRIMARY KEY,
    ID_INSTALACION INTEGER NOT NULL,
    ID_DEPARTAMENTO INTEGER NOT NULL
);

-- GASTO
CREATE TABLE GASTO(
    ID_GASTO INTEGER NOT NULL,
    ID_TIPO_GASTO INTEGER NOT NULL,
    DESCRIPCION VARCHAR2(255) NOT NULL,
    FEC_CADUCIDAD DATE NOT NULL,
    FEC_PAGO DATE,
    MONTO NUMBER NOT NULL,
    ID_DEPARTAMENTO INTEGER NOT NULL
);

-- FOREIGN KEYS
ALTER TABLE INVENTARIO ADD CONSTRAINT FK_INVENTARIO_DEPTO FOREIGN KEY(ID_DEPARTAMENTO) REFERENCES DEPARTAMENTO(ID_DEPARTAMENTO) ON DELETE CASCADE;
ALTER TABLE GASTO ADD CONSTRAINT FK_GASTO_DEPARTAMENTO FOREIGN KEY(ID_DEPARTAMENTO) REFERENCES DEPARTAMENTO(ID_DEPARTAMENTO) ON DELETE CASCADE;
ALTER TABLE GASTO ADD CONSTRAINT FK_TIPO_GASTO FOREIGN KEY(ID_TIPO_GASTO) REFERENCES TIPO_GASTO(ID_TIPO_GASTO) ON DELETE CASCADE;
ALTER TABLE IMAGEN ADD CONSTRAINT FK_IMAGEN_DEPARTAMENTO FOREIGN KEY(ID_DEPARTAMENTO) REFERENCES DEPARTAMENTO(ID_DEPARTAMENTO) ON DELETE CASCADE;
ALTER TABLE COMUNA ADD CONSTRAINT FK_COMUNA_REGION FOREIGN KEY(ID_REGION) REFERENCES REGION(ID_REGION) ON DELETE CASCADE;
ALTER TABLE DEPARTAMENTO ADD CONSTRAINT FK_TIPO_DEPARTAMENTO FOREIGN KEY(ID_TIPO) REFERENCES TIPO_DEPARTAMENTO(ID_TIPO) ON DELETE CASCADE;
ALTER TABLE ESTADO_DEPTO ADD CONSTRAINT FK_ESTADO_DEPTO FOREIGN KEY(ID_ESTADO) REFERENCES ESTADO_DEPTO(ID_ESTADO) ON DELETE CASCADE;
ALTER TABLE INSTALACION_DEPARTAMENTO ADD CONSTRAINT FK_DEPTO_INSTALACION_DEPTO FOREIGN KEY(ID_DEPARTAMENTO) REFERENCES DEPARTAMENTO(ID_DEPARTAMENTO) ON DELETE CASCADE;
ALTER TABLE INSTALACION_DEPARTAMENTO ADD CONSTRAINT FK_INST_DEPTO_INST FOREIGN KEY(ID_INSTALACION) REFERENCES INSTALACION(ID_INSTALACION) ON DELETE CASCADE;
ALTER TABLE MANTENCION ADD CONSTRAINT FK_TIPO_MANTENCION FOREIGN KEY(ID_TIPO) REFERENCES TIPO_MANTENCION(ID_TIPO) ON DELETE CASCADE;
ALTER TABLE MANTENCION ADD CONSTRAINT FK_ESTADO_MANTENCION FOREIGN KEY(ID_ESTADO) REFERENCES ESTADO_MANTENCION(ID_ESTADO) ON DELETE CASCADE;
ALTER TABLE MANTENCION ADD CONSTRAINT FK_MANTENCION_DEPTO FOREIGN KEY(ID_DEPARTAMENTO) REFERENCES DEPARTAMENTO(ID_DEPARTAMENTO) ON DELETE CASCADE;
ALTER TABLE RESERVA ADD CONSTRAINT FK_ESTADO_RESERVA FOREIGN KEY(ID_ESTADO) REFERENCES ESTADO_RESERVA(ID_ESTADO) ON DELETE CASCADE;
ALTER TABLE RESERVA ADD CONSTRAINT FK_RESERVA_DEPTO FOREIGN KEY(ID_DEPARTAMENTO) REFERENCES DEPARTAMENTO(ID_DEPARTAMENTO) ON DELETE CASCADE;
ALTER TABLE RESERVA ADD CONSTRAINT FK_RESERVA_USUARIO FOREIGN KEY(NUMRUT) REFERENCES USUARIO(NUMRUT) ON DELETE CASCADE;
ALTER TABLE ASISTENTE_RESERVA ADD CONSTRAINT FK_ASISTENTE_RESERVA_ASISTENTE FOREIGN KEY(NUMRUT_ASISTENTE) REFERENCES ASISTENTE(NUMRUT_ASISTENTE) ON DELETE CASCADE;
ALTER TABLE ASISTENTE_RESERVA ADD CONSTRAINT FK_ASISTENTE_RESERVA_RESERVA FOREIGN KEY(ID_RESERVA) REFERENCES RESERVA(ID_RESERVA) ON DELETE CASCADE;
ALTER TABLE PAGO ADD CONSTRAINT FK_TIPO_PAGO FOREIGN KEY(ID_TIPO) REFERENCES TIPO_PAGO(ID_TIPO) ON DELETE CASCADE;
ALTER TABLE PAGO ADD CONSTRAINT FK_PAGO_RESERVA FOREIGN KEY(ID_RESERVA) REFERENCES RESERVA(ID_RESERVA) ON DELETE CASCADE;
ALTER TABLE SERVICIO ADD CONSTRAINT FK_TIPO_SERVICIO FOREIGN KEY(ID_TIPO_SERVICIO) REFERENCES TIPO_SERVICIO(ID_TIPO_SERVICIO) ON DELETE CASCADE;
ALTER TABLE SERVICIO_RESERVA ADD CONSTRAINT FK_SERVICIO_RESERVA_SERVICIO FOREIGN KEY(ID_SERVICIO) REFERENCES SERVICIO(ID_SERVICIO) ON DELETE CASCADE;
ALTER TABLE SERVICIO_RESERVA ADD CONSTRAINT FK_SERVICIO_RESERVA_CONDUCTOR FOREIGN KEY(ID_CONDUCTOR) REFERENCES CONDUCTOR(ID_CONDUCTOR) ON DELETE CASCADE;
ALTER TABLE SERVICIO_RESERVA ADD CONSTRAINT FK_SERVICIO_RESERVA_RESERVA FOREIGN KEY(ID_RESERVA) REFERENCES RESERVA(ID_RESERVA) ON DELETE CASCADE;
ALTER TABLE USUARIO ADD CONSTRAINT FK_USUARIO_GENERO FOREIGN KEY(ID_GENERO) REFERENCES GENERO(ID_GENERO) ON DELETE CASCADE;
ALTER TABLE USUARIO ADD CONSTRAINT FK_USUARIO_PAIS FOREIGN KEY(ID_PAIS) REFERENCES PAIS(ID_PAIS) ON DELETE CASCADE;
ALTER TABLE USUARIO ADD CONSTRAINT FK_TIPO_USUARIO FOREIGN KEY(ID_TIPO) REFERENCES TIPO_USUARIO(ID_TIPO) ON DELETE CASCADE;
ALTER TABLE DIRECCION ADD CONSTRAINT FK_DIRECCION_COMUNA FOREIGN KEY(ID_COMUNA) REFERENCES COMUNA(ID_COMUNA) ON DELETE CASCADE;
ALTER TABLE DIRECCION ADD CONSTRAINT FK_DIRECCION_DEPTO FOREIGN KEY(ID_DEPARTAMENTO) REFERENCES DEPARTAMENTO(ID_DEPARTAMENTO) ON DELETE CASCADE;
ALTER TABLE DIRECCION ADD CONSTRAINT FK_DIRECCION_USUARIO FOREIGN KEY(NUMRUT) REFERENCES USUARIO(NUMRUT) ON DELETE CASCADE;

-- SECUENCIAS
CREATE SEQUENCE SEQ_TIPO_USUARIO START WITH 1 INCREMENT BY 1;
CREATE SEQUENCE SEQ_PAIS START WITH 1 INCREMENT BY 1;
CREATE SEQUENCE SEQ_GENERO START WITH 1 INCREMENT BY 1;
CREATE SEQUENCE SEQ_CONDUCTOR START WITH 1 INCREMENT BY 1;
CREATE SEQUENCE SEQ_REGION START WITH 1 INCREMENT BY 1;
CREATE SEQUENCE SEQ_COMUNA START WITH 1 INCREMENT BY 1;
CREATE SEQUENCE SEQ_IMAGEN START WITH 1 INCREMENT BY 1;
CREATE SEQUENCE SEQ_TIPO_DEPARTAMENTO START WITH 1 INCREMENT BY 1;
CREATE SEQUENCE SEQ_TIPO_MANTENCION START WITH 1 INCREMENT BY 1;
CREATE SEQUENCE SEQ_ESTADO_MANTENCION START WITH 1 INCREMENT BY 1;
CREATE SEQUENCE SEQ_INSTALACION START WITH 1 INCREMENT BY 1;
CREATE SEQUENCE SEQ_ESTADO_RESERVA START WITH 1 INCREMENT BY 1;
CREATE SEQUENCE SEQ_ESTADO_DEPTO START WITH 1 INCREMENT BY 1;
CREATE SEQUENCE SEQ_TIPO_PAGO START WITH 1 INCREMENT BY 1;
CREATE SEQUENCE SEQ_TIPO_SERVICIO START WITH 1 INCREMENT BY 1;
CREATE SEQUENCE SEQ_SERVICIO START WITH 1 INCREMENT BY 1;
CREATE SEQUENCE SEQ_TIPO_GASTO START WITH 1 INCREMENT BY 1;
CREATE SEQUENCE SEQ_INVENTARIO START WITH 1 INCREMENT BY 1;
CREATE SEQUENCE SEQ_DIRECCION START WITH 1 INCREMENT BY 1;
CREATE SEQUENCE SEQ_DEPARTAMENTO START WITH 1 INCREMENT BY 1;
CREATE SEQUENCE SEQ_RESERVA START WITH 1 INCREMENT BY 1;
CREATE SEQUENCE SEQ_SERVICIO_RESERVA START WITH 1 INCREMENT BY 1;
CREATE SEQUENCE SEQ_ASISTENTE_RESERVA START WITH 1 INCREMENT BY 1;
CREATE SEQUENCE SEQ_MANTENCION START WITH 1 INCREMENT BY 1;
CREATE SEQUENCE SEQ_PAGO START WITH 1 INCREMENT BY 1;
CREATE SEQUENCE SEQ_INSTALACION_DEPARTAMENTO START WITH 1 INCREMENT BY 1;
CREATE SEQUENCE SEQ_GASTO START WITH 1 INCREMENT BY 1;
-- ###########################################################################


-- * TRIGGERS *
/
CREATE TRIGGER TRG_REGION
BEFORE INSERT ON REGION
FOR EACH ROW
BEGIN
    SELECT SEQ_REGION.NEXTVAL INTO :NEW.ID_REGION FROM DUAL;
END;
/
CREATE TRIGGER TRG_COMUNA
BEFORE INSERT ON COMUNA
FOR EACH ROW
BEGIN
    SELECT SEQ_COMUNA.NEXTVAL INTO :NEW.ID_COMUNA FROM DUAL;
END;
/

-- * POBLADO *

-- TIPO MANTENCION
INSERT INTO TIPO_MANTENCION VALUES(SEQ_TIPO_MANTENCION.NEXTVAL, 'Mejora');
INSERT INTO TIPO_MANTENCION VALUES(SEQ_TIPO_MANTENCION.NEXTVAL, 'Mantención');
INSERT INTO TIPO_MANTENCION VALUES(SEQ_TIPO_MANTENCION.NEXTVAL, 'Limpieza');
INSERT INTO TIPO_MANTENCION VALUES(SEQ_TIPO_MANTENCION.NEXTVAL, 'Reparación');

-- TIPO SERVICIO
INSERT INTO TIPO_SERVICIO VALUES(SEQ_TIPO_SERVICIO.NEXTVAL, 'Desde/Hasta');
INSERT INTO TIPO_SERVICIO VALUES(SEQ_TIPO_SERVICIO.NEXTVAL, 'Tour');
INSERT INTO TIPO_SERVICIO VALUES(SEQ_TIPO_SERVICIO.NEXTVAL, 'Comida');

-- SERVICIO
INSERT INTO SERVICIO VALUES(SEQ_SERVICIO.NEXTVAL, 'Servicio de transporte', 'Servicio de transporte para cliente de una ubicación hacia el departamento', 30000, 1);
INSERT INTO SERVICIO VALUES(SEQ_SERVICIO.NEXTVAL, 'Tour ', 'Conoce las cercanías del lugar', 65000, 2);
INSERT INTO SERVICIO VALUES(SEQ_SERVICIO.NEXTVAL, 'Tour ', 'Excursión a volcán', 80000, 2);
INSERT INTO SERVICIO VALUES(SEQ_SERVICIO.NEXTVAL, 'Comida típica', 'Conoce la comida típica del lugar', 20000, 1);

-- ESTADO MANTENCION
INSERT INTO ESTADO_MANTENCION VALUES(SEQ_ESTADO_MANTENCION.NEXTVAL, 'Pendiente');
INSERT INTO ESTADO_MANTENCION VALUES(SEQ_ESTADO_MANTENCION.NEXTVAL, 'En Proceso');
INSERT INTO ESTADO_MANTENCION VALUES(SEQ_ESTADO_MANTENCION.NEXTVAL, 'Finalizada');

-- INSTALACION
INSERT INTO INSTALACION VALUES(SEQ_INSTALACION.NEXTVAL, 'Calefacción');
INSERT INTO INSTALACION VALUES(SEQ_INSTALACION.NEXTVAL, 'Internet');
INSERT INTO INSTALACION VALUES(SEQ_INSTALACION.NEXTVAL, 'Cable');
INSERT INTO INSTALACION VALUES(SEQ_INSTALACION.NEXTVAL, 'Salón de eventos');
INSERT INTO INSTALACION VALUES(SEQ_INSTALACION.NEXTVAL, 'Lavandería');

-- ESTADO DEPTO
INSERT INTO ESTADO_DEPTO VALUES(SEQ_ESTADO_DEPTO.NEXTVAL, 'Mantención');
INSERT INTO ESTADO_DEPTO VALUES(SEQ_ESTADO_DEPTO.NEXTVAL, 'Uso');
INSERT INTO ESTADO_DEPTO VALUES(SEQ_ESTADO_DEPTO.NEXTVAL, 'Libre');
INSERT INTO ESTADO_DEPTO VALUES(SEQ_ESTADO_DEPTO.NEXTVAL, 'En Espera');

-- TIPO PAGO
INSERT INTO TIPO_PAGO VALUES(SEQ_TIPO_PAGO.NEXTVAL, 'Reserva');
INSERT INTO TIPO_PAGO VALUES(SEQ_TIPO_PAGO.NEXTVAL, 'Adelanto');
INSERT INTO TIPO_PAGO VALUES(SEQ_TIPO_PAGO.NEXTVAL, 'Multa');
INSERT INTO TIPO_PAGO VALUES(SEQ_TIPO_PAGO.NEXTVAL, 'Servicio extra');

-- PAIS
INSERT INTO PAIS VALUES(SEQ_PAIS.NEXTVAL, 'Chile');
INSERT INTO PAIS VALUES(SEQ_PAIS.NEXTVAL, 'España');
INSERT INTO PAIS VALUES(SEQ_PAIS.NEXTVAL, 'Francia');
INSERT INTO PAIS VALUES(SEQ_PAIS.NEXTVAL, 'Argentina');
INSERT INTO PAIS VALUES(SEQ_PAIS.NEXTVAL, 'Alemania');
INSERT INTO PAIS VALUES(SEQ_PAIS.NEXTVAL, 'Suecia');
INSERT INTO PAIS VALUES(SEQ_PAIS.NEXTVAL, 'Holanda');

-- TIPO USUARIO
INSERT INTO TIPO_USUARIO VALUES(SEQ_TIPO_USUARIO.NEXTVAL, 'Administrador');
INSERT INTO TIPO_USUARIO VALUES(SEQ_TIPO_USUARIO.NEXTVAL, 'Funcionario');
INSERT INTO TIPO_USUARIO VALUES(SEQ_TIPO_USUARIO.NEXTVAL, 'Cliente');

-- GENERO
INSERT INTO GENERO VALUES(SEQ_GENERO.NEXTVAL, 'Femenino');
INSERT INTO GENERO VALUES(SEQ_GENERO.NEXTVAL, 'Masculino');

-- TIPO GASTO
INSERT INTO TIPO_GASTO VALUES(SEQ_TIPO_GASTO.NEXTVAL, 'Contribuciones');
INSERT INTO TIPO_GASTO VALUES(SEQ_TIPO_GASTO.NEXTVAL, 'Gastos Comunes');
INSERT INTO TIPO_GASTO VALUES(SEQ_TIPO_GASTO.NEXTVAL, 'Reparación');

-- REGION
INSERT INTO REGION(REGION) VALUES('Arica y Parinacota');
INSERT INTO REGION(REGION) VALUES('Tarapacá');
INSERT INTO REGION(REGION) VALUES('Antofagasta');
INSERT INTO REGION(REGION) VALUES('Atacama');
INSERT INTO REGION(REGION) VALUES('Coquimbo');
INSERT INTO REGION(REGION) VALUES('Valparaiso');
INSERT INTO REGION(REGION) VALUES('Metropolitana de Santiago');
INSERT INTO REGION(REGION) VALUES('Libertador General Bernardo O''Higgins');
INSERT INTO REGION(REGION) VALUES('Maule');
INSERT INTO REGION(REGION) VALUES('Biobío');
INSERT INTO REGION(REGION) VALUES('La Araucanía');
INSERT INTO REGION(REGION) VALUES('Los Ríos');
INSERT INTO REGION(REGION) VALUES('Los Lagos');
INSERT INTO REGION(REGION) VALUES('Aysén del General Carlos Ibáñez del Campo');
INSERT INTO REGION(REGION) VALUES('Magallanes y de la Antártica Chilena');

-- COMUNA
INSERT INTO COMUNA(COMUNA, ID_REGION) VALUES('Arica',1);
INSERT INTO COMUNA(COMUNA, ID_REGION) VALUES('Camarones',1);
INSERT INTO COMUNA(COMUNA, ID_REGION) VALUES('General Lagos',1);
INSERT INTO COMUNA(COMUNA, ID_REGION) VALUES('Putre',1);
INSERT INTO COMUNA(COMUNA, ID_REGION) VALUES('Alto Hospicio',2);
INSERT INTO COMUNA(COMUNA, ID_REGION) VALUES('Iquique',2);
INSERT INTO COMUNA(COMUNA, ID_REGION) VALUES('Camiña',2);
INSERT INTO COMUNA(COMUNA, ID_REGION) VALUES('Colchane',2);
INSERT INTO COMUNA(COMUNA, ID_REGION) VALUES('Huara',2);
INSERT INTO COMUNA(COMUNA, ID_REGION) VALUES('Pica',2);
INSERT INTO COMUNA(COMUNA, ID_REGION) VALUES('Pozo Almonte',2);
INSERT INTO COMUNA(COMUNA, ID_REGION) VALUES('Antofagasta',3);
INSERT INTO COMUNA(COMUNA, ID_REGION) VALUES('Mejillones',3);
INSERT INTO COMUNA(COMUNA, ID_REGION) VALUES('Sierra Gorda',3);
INSERT INTO COMUNA(COMUNA, ID_REGION) VALUES('Taltal',3);
INSERT INTO COMUNA(COMUNA, ID_REGION) VALUES('Calama',3);
INSERT INTO COMUNA(COMUNA, ID_REGION) VALUES('Ollague',3);
INSERT INTO COMUNA(COMUNA, ID_REGION) VALUES('San Pedro de Atacama',3);
INSERT INTO COMUNA(COMUNA, ID_REGION) VALUES('María Elena',3);
INSERT INTO COMUNA(COMUNA, ID_REGION) VALUES('Tocopilla',3);
INSERT INTO COMUNA(COMUNA, ID_REGION) VALUES('Chañaral',4);
INSERT INTO COMUNA(COMUNA, ID_REGION) VALUES('Diego de Almagro',4);
INSERT INTO COMUNA(COMUNA, ID_REGION) VALUES('Caldera',4);
INSERT INTO COMUNA(COMUNA, ID_REGION) VALUES('Copiapó',4);
INSERT INTO COMUNA(COMUNA, ID_REGION) VALUES('Tierra Amarilla',4);
INSERT INTO COMUNA(COMUNA, ID_REGION) VALUES('Alto del Carmen',4);
INSERT INTO COMUNA(COMUNA, ID_REGION) VALUES('Freirina',4);
INSERT INTO COMUNA(COMUNA, ID_REGION) VALUES('Huasco',4);
INSERT INTO COMUNA(COMUNA, ID_REGION) VALUES('Vallenar',4);
INSERT INTO COMUNA(COMUNA, ID_REGION) VALUES('Canela',5);
INSERT INTO COMUNA(COMUNA, ID_REGION) VALUES('Illapel',5);
INSERT INTO COMUNA(COMUNA, ID_REGION) VALUES('Los Vilos',5);
INSERT INTO COMUNA(COMUNA, ID_REGION) VALUES('Salamanca',5);
INSERT INTO COMUNA(COMUNA, ID_REGION) VALUES('Andacollo',5);
INSERT INTO COMUNA(COMUNA, ID_REGION) VALUES('Coquimbo',5);
INSERT INTO COMUNA(COMUNA, ID_REGION) VALUES('La Higuera',5);
INSERT INTO COMUNA(COMUNA, ID_REGION) VALUES('La Serena',5);
INSERT INTO COMUNA(COMUNA, ID_REGION) VALUES('Paihuaco',5);
INSERT INTO COMUNA(COMUNA, ID_REGION) VALUES('Vicuña',5);
INSERT INTO COMUNA(COMUNA, ID_REGION) VALUES('Combarbalá',5);
INSERT INTO COMUNA(COMUNA, ID_REGION) VALUES('Monte Patria',5);
INSERT INTO COMUNA(COMUNA, ID_REGION) VALUES('Ovalle',5);
INSERT INTO COMUNA(COMUNA, ID_REGION) VALUES('Punitaqui',5);
INSERT INTO COMUNA(COMUNA, ID_REGION) VALUES('Río Hurtado',5);
INSERT INTO COMUNA(COMUNA, ID_REGION) VALUES('Isla de Pascua',6);
INSERT INTO COMUNA(COMUNA, ID_REGION) VALUES('Calle Larga',6);
INSERT INTO COMUNA(COMUNA, ID_REGION) VALUES('Los Andes',6);
INSERT INTO COMUNA(COMUNA, ID_REGION) VALUES('Rinconada',6);
INSERT INTO COMUNA(COMUNA, ID_REGION) VALUES('San Esteban',6);
INSERT INTO COMUNA(COMUNA, ID_REGION) VALUES('La Ligua',6);
INSERT INTO COMUNA(COMUNA, ID_REGION) VALUES('Papudo',6);
INSERT INTO COMUNA(COMUNA, ID_REGION) VALUES('Petorca',6);
INSERT INTO COMUNA(COMUNA, ID_REGION) VALUES('Zapallar',6);
INSERT INTO COMUNA(COMUNA, ID_REGION) VALUES('Hijuelas',6);
INSERT INTO COMUNA(COMUNA, ID_REGION) VALUES('La Calera',6);
INSERT INTO COMUNA(COMUNA, ID_REGION) VALUES('La Cruz',6);
INSERT INTO COMUNA(COMUNA, ID_REGION) VALUES('Limache',6);
INSERT INTO COMUNA(COMUNA, ID_REGION) VALUES('Nogales',6);
INSERT INTO COMUNA(COMUNA, ID_REGION) VALUES('Olmué',6);
INSERT INTO COMUNA(COMUNA, ID_REGION) VALUES('Quillota',6);
INSERT INTO COMUNA(COMUNA, ID_REGION) VALUES('Algarrobo',6);
INSERT INTO COMUNA(COMUNA, ID_REGION) VALUES('Cartagena',6);
INSERT INTO COMUNA(COMUNA, ID_REGION) VALUES('El Quisco',6);
INSERT INTO COMUNA(COMUNA, ID_REGION) VALUES('El Tabo',6);
INSERT INTO COMUNA(COMUNA, ID_REGION) VALUES('San Antonio',6);
INSERT INTO COMUNA(COMUNA, ID_REGION) VALUES('Santo Domingo',6);
INSERT INTO COMUNA(COMUNA, ID_REGION) VALUES('Catemu',6);
INSERT INTO COMUNA(COMUNA, ID_REGION) VALUES('Llaillay',6);
INSERT INTO COMUNA(COMUNA, ID_REGION) VALUES('Panquehue',6);
INSERT INTO COMUNA(COMUNA, ID_REGION) VALUES('Putaendo',6);
INSERT INTO COMUNA(COMUNA, ID_REGION) VALUES('San Felipe',6);
INSERT INTO COMUNA(COMUNA, ID_REGION) VALUES('Santa María',6);
INSERT INTO COMUNA(COMUNA, ID_REGION) VALUES('Casablanca',6);
INSERT INTO COMUNA(COMUNA, ID_REGION) VALUES('Concón',6);
INSERT INTO COMUNA(COMUNA, ID_REGION) VALUES('Juan Fernández',6);
INSERT INTO COMUNA(COMUNA, ID_REGION) VALUES('Puchuncaví',6);
INSERT INTO COMUNA(COMUNA, ID_REGION) VALUES('Quilpué',6);
INSERT INTO COMUNA(COMUNA, ID_REGION) VALUES('Quintero',6);
INSERT INTO COMUNA(COMUNA, ID_REGION) VALUES('Valparaíso',6);
INSERT INTO COMUNA(COMUNA, ID_REGION) VALUES('Villa Alemana',6);
INSERT INTO COMUNA(COMUNA, ID_REGION) VALUES('Viña del Mar',6);
INSERT INTO COMUNA(COMUNA, ID_REGION) VALUES('Cabildo',6);
INSERT INTO COMUNA(COMUNA, ID_REGION) VALUES('Colina',7);
INSERT INTO COMUNA(COMUNA, ID_REGION) VALUES('Lampa',7);
INSERT INTO COMUNA(COMUNA, ID_REGION) VALUES('Tiltil',7);
INSERT INTO COMUNA(COMUNA, ID_REGION) VALUES('Pirque',7);
INSERT INTO COMUNA(COMUNA, ID_REGION) VALUES('Puente Alto',7);
INSERT INTO COMUNA(COMUNA, ID_REGION) VALUES('San José de Maipo',7);
INSERT INTO COMUNA(COMUNA, ID_REGION) VALUES('Buin',7);
INSERT INTO COMUNA(COMUNA, ID_REGION) VALUES('Calera de Tango',7);
INSERT INTO COMUNA(COMUNA, ID_REGION) VALUES('Paine',7);
INSERT INTO COMUNA(COMUNA, ID_REGION) VALUES('San Bernardo',7);
INSERT INTO COMUNA(COMUNA, ID_REGION) VALUES('Alhué',7);
INSERT INTO COMUNA(COMUNA, ID_REGION) VALUES('Curacaví',7);
INSERT INTO COMUNA(COMUNA, ID_REGION) VALUES('María Pinto',7);
INSERT INTO COMUNA(COMUNA, ID_REGION) VALUES('Melipilla',7);
INSERT INTO COMUNA(COMUNA, ID_REGION) VALUES('San Pedro',7);
INSERT INTO COMUNA(COMUNA, ID_REGION) VALUES('Cerrillos',7);
INSERT INTO COMUNA(COMUNA, ID_REGION) VALUES('Cerro Navia',7);
INSERT INTO COMUNA(COMUNA, ID_REGION) VALUES('Conchalí',7);
INSERT INTO COMUNA(COMUNA, ID_REGION) VALUES('El Bosque',7);
INSERT INTO COMUNA(COMUNA, ID_REGION) VALUES('Estación Central',7);
INSERT INTO COMUNA(COMUNA, ID_REGION) VALUES('Huechuraba',7);
INSERT INTO COMUNA(COMUNA, ID_REGION) VALUES('Independencia',7);
INSERT INTO COMUNA(COMUNA, ID_REGION) VALUES('La Cisterna',7);
INSERT INTO COMUNA(COMUNA, ID_REGION) VALUES('La Granja',7);
INSERT INTO COMUNA(COMUNA, ID_REGION) VALUES('La Florida',7);
INSERT INTO COMUNA(COMUNA, ID_REGION) VALUES('La Pintana',7);
INSERT INTO COMUNA(COMUNA, ID_REGION) VALUES('La Reina',7);
INSERT INTO COMUNA(COMUNA, ID_REGION) VALUES('Las Condes',7);
INSERT INTO COMUNA(COMUNA, ID_REGION) VALUES('Lo Barnechea',7);
INSERT INTO COMUNA(COMUNA, ID_REGION) VALUES('Lo Espejo',7);
INSERT INTO COMUNA(COMUNA, ID_REGION) VALUES('Lo Prado',7);
INSERT INTO COMUNA(COMUNA, ID_REGION) VALUES('Macul',7);
INSERT INTO COMUNA(COMUNA, ID_REGION) VALUES('Maipú',7);
INSERT INTO COMUNA(COMUNA, ID_REGION) VALUES('Ñuñoa',7);
INSERT INTO COMUNA(COMUNA, ID_REGION) VALUES('Pedro Aguirre Cerda',7);
INSERT INTO COMUNA(COMUNA, ID_REGION) VALUES('Peñalolén',7);
INSERT INTO COMUNA(COMUNA, ID_REGION) VALUES('Providencia',7);
INSERT INTO COMUNA(COMUNA, ID_REGION) VALUES('Pudahuel',7);
INSERT INTO COMUNA(COMUNA, ID_REGION) VALUES('Quilicura',7);
INSERT INTO COMUNA(COMUNA, ID_REGION) VALUES('Quinta Normal',7);
INSERT INTO COMUNA(COMUNA, ID_REGION) VALUES('Recoleta',7);
INSERT INTO COMUNA(COMUNA, ID_REGION) VALUES('Renca',7);
INSERT INTO COMUNA(COMUNA, ID_REGION) VALUES('San Miguel',7);
INSERT INTO COMUNA(COMUNA, ID_REGION) VALUES('San Joaquín',7);
INSERT INTO COMUNA(COMUNA, ID_REGION) VALUES('San Ramón',7);
INSERT INTO COMUNA(COMUNA, ID_REGION) VALUES('Santiago',7);
INSERT INTO COMUNA(COMUNA, ID_REGION) VALUES('Vitacura',7);
INSERT INTO COMUNA(COMUNA, ID_REGION) VALUES('El Monte',7);
INSERT INTO COMUNA(COMUNA, ID_REGION) VALUES('Isla de Maipo',7);
INSERT INTO COMUNA(COMUNA, ID_REGION) VALUES('Padre Hurtado',7);
INSERT INTO COMUNA(COMUNA, ID_REGION) VALUES('Peñaflor',7);
INSERT INTO COMUNA(COMUNA, ID_REGION) VALUES('Talagante',7);
INSERT INTO COMUNA(COMUNA, ID_REGION) VALUES('Codegua',8);
INSERT INTO COMUNA(COMUNA, ID_REGION) VALUES('Coínco',8);
INSERT INTO COMUNA(COMUNA, ID_REGION) VALUES('Coltauco',8);
INSERT INTO COMUNA(COMUNA, ID_REGION) VALUES('Doñihue',8);
INSERT INTO COMUNA(COMUNA, ID_REGION) VALUES('Graneros',8);
INSERT INTO COMUNA(COMUNA, ID_REGION) VALUES('Las Cabras',8);
INSERT INTO COMUNA(COMUNA, ID_REGION) VALUES('Machalí',8);
INSERT INTO COMUNA(COMUNA, ID_REGION) VALUES('Malloa',8);
INSERT INTO COMUNA(COMUNA, ID_REGION) VALUES('Mostazal',8);
INSERT INTO COMUNA(COMUNA, ID_REGION) VALUES('Olivar',8);
INSERT INTO COMUNA(COMUNA, ID_REGION) VALUES('Peumo',8);
INSERT INTO COMUNA(COMUNA, ID_REGION) VALUES('Pichidegua',8);
INSERT INTO COMUNA(COMUNA, ID_REGION) VALUES('Quinta de Tilcoco',8);
INSERT INTO COMUNA(COMUNA, ID_REGION) VALUES('Rancagua',8);
INSERT INTO COMUNA(COMUNA, ID_REGION) VALUES('Rengo',8);
INSERT INTO COMUNA(COMUNA, ID_REGION) VALUES('Requínoa',8);
INSERT INTO COMUNA(COMUNA, ID_REGION) VALUES('San Vicente de Tagua Tagua',8);
INSERT INTO COMUNA(COMUNA, ID_REGION) VALUES('La Estrella',8);
INSERT INTO COMUNA(COMUNA, ID_REGION) VALUES('Litueche',8);
INSERT INTO COMUNA(COMUNA, ID_REGION) VALUES('Marchihue',8);
INSERT INTO COMUNA(COMUNA, ID_REGION) VALUES('Navidad',8);
INSERT INTO COMUNA(COMUNA, ID_REGION) VALUES('Peredones',8);
INSERT INTO COMUNA(COMUNA, ID_REGION) VALUES('Pichilemu',8);
INSERT INTO COMUNA(COMUNA, ID_REGION) VALUES('Chépica',8);
INSERT INTO COMUNA(COMUNA, ID_REGION) VALUES('Chimbarongo',8);
INSERT INTO COMUNA(COMUNA, ID_REGION) VALUES('Lolol',8);
INSERT INTO COMUNA(COMUNA, ID_REGION) VALUES('Nancagua',8);
INSERT INTO COMUNA(COMUNA, ID_REGION) VALUES('Palmilla',8);
INSERT INTO COMUNA(COMUNA, ID_REGION) VALUES('Peralillo',8);
INSERT INTO COMUNA(COMUNA, ID_REGION) VALUES('Placilla',8);
INSERT INTO COMUNA(COMUNA, ID_REGION) VALUES('Pumanque',8);
INSERT INTO COMUNA(COMUNA, ID_REGION) VALUES('San Fernando',8);
INSERT INTO COMUNA(COMUNA, ID_REGION) VALUES('Santa Cruz',8);
INSERT INTO COMUNA(COMUNA, ID_REGION) VALUES('Cauquenes',9);
INSERT INTO COMUNA(COMUNA, ID_REGION) VALUES('Chanco',9);
INSERT INTO COMUNA(COMUNA, ID_REGION) VALUES('Pelluhue',9);
INSERT INTO COMUNA(COMUNA, ID_REGION) VALUES('Curicó',9);
INSERT INTO COMUNA(COMUNA, ID_REGION) VALUES('Hualañé',9);
INSERT INTO COMUNA(COMUNA, ID_REGION) VALUES('Licantén',9);
INSERT INTO COMUNA(COMUNA, ID_REGION) VALUES('Molina',9);
INSERT INTO COMUNA(COMUNA, ID_REGION) VALUES('Rauco',9);
INSERT INTO COMUNA(COMUNA, ID_REGION) VALUES('Romeral',9);
INSERT INTO COMUNA(COMUNA, ID_REGION) VALUES('Sagrada Familia',9);
INSERT INTO COMUNA(COMUNA, ID_REGION) VALUES('Teno',9);
INSERT INTO COMUNA(COMUNA, ID_REGION) VALUES('Vichuquén',9);
INSERT INTO COMUNA(COMUNA, ID_REGION) VALUES('Colbún',9);
INSERT INTO COMUNA(COMUNA, ID_REGION) VALUES('Linares',9);
INSERT INTO COMUNA(COMUNA, ID_REGION) VALUES('Longaví',9);
INSERT INTO COMUNA(COMUNA, ID_REGION) VALUES('Parral',9);
INSERT INTO COMUNA(COMUNA, ID_REGION) VALUES('Retiro',9);
INSERT INTO COMUNA(COMUNA, ID_REGION) VALUES('San Javier',9);
INSERT INTO COMUNA(COMUNA, ID_REGION) VALUES('Villa Alegre',9);
INSERT INTO COMUNA(COMUNA, ID_REGION) VALUES('Yerbas Buenas',9);
INSERT INTO COMUNA(COMUNA, ID_REGION) VALUES('Constitución',9);
INSERT INTO COMUNA(COMUNA, ID_REGION) VALUES('Curepto',9);
INSERT INTO COMUNA(COMUNA, ID_REGION) VALUES('Empedrado',9);
INSERT INTO COMUNA(COMUNA, ID_REGION) VALUES('Maule',9);
INSERT INTO COMUNA(COMUNA, ID_REGION) VALUES('Pelarco',9);
INSERT INTO COMUNA(COMUNA, ID_REGION) VALUES('Pencahue',9);
INSERT INTO COMUNA(COMUNA, ID_REGION) VALUES('Río Claro',9);
INSERT INTO COMUNA(COMUNA, ID_REGION) VALUES('San Clemente',9);
INSERT INTO COMUNA(COMUNA, ID_REGION) VALUES('San Rafael',9);
INSERT INTO COMUNA(COMUNA, ID_REGION) VALUES('Talca',9);
INSERT INTO COMUNA(COMUNA, ID_REGION) VALUES('Arauco',10);
INSERT INTO COMUNA(COMUNA, ID_REGION) VALUES('Cañete',10);
INSERT INTO COMUNA(COMUNA, ID_REGION) VALUES('Contulmo',10);
INSERT INTO COMUNA(COMUNA, ID_REGION) VALUES('Curanilahue',10);
INSERT INTO COMUNA(COMUNA, ID_REGION) VALUES('Lebu',10);
INSERT INTO COMUNA(COMUNA, ID_REGION) VALUES('Los Álamos',10);
INSERT INTO COMUNA(COMUNA, ID_REGION) VALUES('Tirúa',10);
INSERT INTO COMUNA(COMUNA, ID_REGION) VALUES('Alto Biobío',10);
INSERT INTO COMUNA(COMUNA, ID_REGION) VALUES('Antuco',10);
INSERT INTO COMUNA(COMUNA, ID_REGION) VALUES('Cabrero',10);
INSERT INTO COMUNA(COMUNA, ID_REGION) VALUES('Laja',10);
INSERT INTO COMUNA(COMUNA, ID_REGION) VALUES('Los Ángeles',10);
INSERT INTO COMUNA(COMUNA, ID_REGION) VALUES('Mulchén',10);
INSERT INTO COMUNA(COMUNA, ID_REGION) VALUES('Nacimiento',10);
INSERT INTO COMUNA(COMUNA, ID_REGION) VALUES('Negrete',10);
INSERT INTO COMUNA(COMUNA, ID_REGION) VALUES('Quilaco',10);
INSERT INTO COMUNA(COMUNA, ID_REGION) VALUES('Quilleco',10);
INSERT INTO COMUNA(COMUNA, ID_REGION) VALUES('San Rosendo',10);
INSERT INTO COMUNA(COMUNA, ID_REGION) VALUES('Santa Bárbara',10);
INSERT INTO COMUNA(COMUNA, ID_REGION) VALUES('Tucapel',10);
INSERT INTO COMUNA(COMUNA, ID_REGION) VALUES('Yumbel',10);
INSERT INTO COMUNA(COMUNA, ID_REGION) VALUES('Chiguayante',10);
INSERT INTO COMUNA(COMUNA, ID_REGION) VALUES('Concepción',10);
INSERT INTO COMUNA(COMUNA, ID_REGION) VALUES('Coronel',10);
INSERT INTO COMUNA(COMUNA, ID_REGION) VALUES('Florida',10);
INSERT INTO COMUNA(COMUNA, ID_REGION) VALUES('Hualpén',10);
INSERT INTO COMUNA(COMUNA, ID_REGION) VALUES('Hualqui',10);
INSERT INTO COMUNA(COMUNA, ID_REGION) VALUES('Lota',10);
INSERT INTO COMUNA(COMUNA, ID_REGION) VALUES('Penco',10);
INSERT INTO COMUNA(COMUNA, ID_REGION) VALUES('San Pedro de La Paz',10);
INSERT INTO COMUNA(COMUNA, ID_REGION) VALUES('Santa Juana',10);
INSERT INTO COMUNA(COMUNA, ID_REGION) VALUES('Talcahuano',10);
INSERT INTO COMUNA(COMUNA, ID_REGION) VALUES('Tomé',10);
INSERT INTO COMUNA(COMUNA, ID_REGION) VALUES('Bulnes',10);
INSERT INTO COMUNA(COMUNA, ID_REGION) VALUES('Chillán',10);
INSERT INTO COMUNA(COMUNA, ID_REGION) VALUES('Chillán Viejo',10);
INSERT INTO COMUNA(COMUNA, ID_REGION) VALUES('Cobquecura',10);
INSERT INTO COMUNA(COMUNA, ID_REGION) VALUES('Coelemu',10);
INSERT INTO COMUNA(COMUNA, ID_REGION) VALUES('Coihueco',10);
INSERT INTO COMUNA(COMUNA, ID_REGION) VALUES('El Carmen',10);
INSERT INTO COMUNA(COMUNA, ID_REGION) VALUES('Ninhue',10);
INSERT INTO COMUNA(COMUNA, ID_REGION) VALUES('Ñiquen',10);
INSERT INTO COMUNA(COMUNA, ID_REGION) VALUES('Pemuco',10);
INSERT INTO COMUNA(COMUNA, ID_REGION) VALUES('Pinto',10);
INSERT INTO COMUNA(COMUNA, ID_REGION) VALUES('Portezuelo',10);
INSERT INTO COMUNA(COMUNA, ID_REGION) VALUES('Quillón',10);
INSERT INTO COMUNA(COMUNA, ID_REGION) VALUES('Quirihue',10);
INSERT INTO COMUNA(COMUNA, ID_REGION) VALUES('Ránquil',10);
INSERT INTO COMUNA(COMUNA, ID_REGION) VALUES('San Carlos',10);
INSERT INTO COMUNA(COMUNA, ID_REGION) VALUES('San Fabián',10);
INSERT INTO COMUNA(COMUNA, ID_REGION) VALUES('San Ignacio',10);
INSERT INTO COMUNA(COMUNA, ID_REGION) VALUES('San Nicolás',10);
INSERT INTO COMUNA(COMUNA, ID_REGION) VALUES('Treguaco',10);
INSERT INTO COMUNA(COMUNA, ID_REGION) VALUES('Yungay',10);
INSERT INTO COMUNA(COMUNA, ID_REGION) VALUES('Carahue',11);
INSERT INTO COMUNA(COMUNA, ID_REGION) VALUES('Cholchol',11);
INSERT INTO COMUNA(COMUNA, ID_REGION) VALUES('Cunco',11);
INSERT INTO COMUNA(COMUNA, ID_REGION) VALUES('Curarrehue',11);
INSERT INTO COMUNA(COMUNA, ID_REGION) VALUES('Freire',11);
INSERT INTO COMUNA(COMUNA, ID_REGION) VALUES('Galvarino',11);
INSERT INTO COMUNA(COMUNA, ID_REGION) VALUES('Gorbea',11);
INSERT INTO COMUNA(COMUNA, ID_REGION) VALUES('Lautaro',11);
INSERT INTO COMUNA(COMUNA, ID_REGION) VALUES('Loncoche',11);
INSERT INTO COMUNA(COMUNA, ID_REGION) VALUES('Melipeuco',11);
INSERT INTO COMUNA(COMUNA, ID_REGION) VALUES('Nueva Imperial',11);
INSERT INTO COMUNA(COMUNA, ID_REGION) VALUES('Padre Las Casas',11);
INSERT INTO COMUNA(COMUNA, ID_REGION) VALUES('Perquenco',11);
INSERT INTO COMUNA(COMUNA, ID_REGION) VALUES('Pitrufquén',11);
INSERT INTO COMUNA(COMUNA, ID_REGION) VALUES('Pucón',11);
INSERT INTO COMUNA(COMUNA, ID_REGION) VALUES('Saavedra',11);
INSERT INTO COMUNA(COMUNA, ID_REGION) VALUES('Temuco',11);
INSERT INTO COMUNA(COMUNA, ID_REGION) VALUES('Teodoro Schmidt',11);
INSERT INTO COMUNA(COMUNA, ID_REGION) VALUES('Toltén',11);
INSERT INTO COMUNA(COMUNA, ID_REGION) VALUES('Vilcún',11);
INSERT INTO COMUNA(COMUNA, ID_REGION) VALUES('Villarrica',11);
INSERT INTO COMUNA(COMUNA, ID_REGION) VALUES('Angol',11);
INSERT INTO COMUNA(COMUNA, ID_REGION) VALUES('Collipulli',11);
INSERT INTO COMUNA(COMUNA, ID_REGION) VALUES('Curacautín',11);
INSERT INTO COMUNA(COMUNA, ID_REGION) VALUES('Ercilla',11);
INSERT INTO COMUNA(COMUNA, ID_REGION) VALUES('Lonquimay',11);
INSERT INTO COMUNA(COMUNA, ID_REGION) VALUES('Los Sauces',11);
INSERT INTO COMUNA(COMUNA, ID_REGION) VALUES('Lumaco',11);
INSERT INTO COMUNA(COMUNA, ID_REGION) VALUES('Purén',11);
INSERT INTO COMUNA(COMUNA, ID_REGION) VALUES('Renaico',11);
INSERT INTO COMUNA(COMUNA, ID_REGION) VALUES('Traiguén',11);
INSERT INTO COMUNA(COMUNA, ID_REGION) VALUES('Victoria',11);
INSERT INTO COMUNA(COMUNA, ID_REGION) VALUES('Corral',12);
INSERT INTO COMUNA(COMUNA, ID_REGION) VALUES('Lanco',12);
INSERT INTO COMUNA(COMUNA, ID_REGION) VALUES('Los Lagos',12);
INSERT INTO COMUNA(COMUNA, ID_REGION) VALUES('Máfil',12);
INSERT INTO COMUNA(COMUNA, ID_REGION) VALUES('Mariquina',12);
INSERT INTO COMUNA(COMUNA, ID_REGION) VALUES('Paillaco',12);
INSERT INTO COMUNA(COMUNA, ID_REGION) VALUES('Panguipulli',12);
INSERT INTO COMUNA(COMUNA, ID_REGION) VALUES('Valdivia',12);
INSERT INTO COMUNA(COMUNA, ID_REGION) VALUES('Futrono',12);
INSERT INTO COMUNA(COMUNA, ID_REGION) VALUES('La Unión',12);
INSERT INTO COMUNA(COMUNA, ID_REGION) VALUES('Lago Ranco',12);
INSERT INTO COMUNA(COMUNA, ID_REGION) VALUES('Río Bueno',12);
INSERT INTO COMUNA(COMUNA, ID_REGION) VALUES('Ancud',13);
INSERT INTO COMUNA(COMUNA, ID_REGION) VALUES('Castro',13);
INSERT INTO COMUNA(COMUNA, ID_REGION) VALUES('Chonchi',13);
INSERT INTO COMUNA(COMUNA, ID_REGION) VALUES('Curaco de Vélez',13);
INSERT INTO COMUNA(COMUNA, ID_REGION) VALUES('Dalcahue',13);
INSERT INTO COMUNA(COMUNA, ID_REGION) VALUES('Puqueldón',13);
INSERT INTO COMUNA(COMUNA, ID_REGION) VALUES('Queilén',13);
INSERT INTO COMUNA(COMUNA, ID_REGION) VALUES('Quemchi',13);
INSERT INTO COMUNA(COMUNA, ID_REGION) VALUES('Quellón',13);
INSERT INTO COMUNA(COMUNA, ID_REGION) VALUES('Quinchao',13);
INSERT INTO COMUNA(COMUNA, ID_REGION) VALUES('Calbuco',13);
INSERT INTO COMUNA(COMUNA, ID_REGION) VALUES('Cochamó',13);
INSERT INTO COMUNA(COMUNA, ID_REGION) VALUES('Fresia',13);
INSERT INTO COMUNA(COMUNA, ID_REGION) VALUES('Frutillar',13);
INSERT INTO COMUNA(COMUNA, ID_REGION) VALUES('Llanquihue',13);
INSERT INTO COMUNA(COMUNA, ID_REGION) VALUES('Los Muermos',13);
INSERT INTO COMUNA(COMUNA, ID_REGION) VALUES('Maullín',13);
INSERT INTO COMUNA(COMUNA, ID_REGION) VALUES('Puerto Montt',13);
INSERT INTO COMUNA(COMUNA, ID_REGION) VALUES('Puerto Varas',13);
INSERT INTO COMUNA(COMUNA, ID_REGION) VALUES('Osorno',13);
INSERT INTO COMUNA(COMUNA, ID_REGION) VALUES('Puero Octay',13);
INSERT INTO COMUNA(COMUNA, ID_REGION) VALUES('Purranque',13);
INSERT INTO COMUNA(COMUNA, ID_REGION) VALUES('Puyehue',13);
INSERT INTO COMUNA(COMUNA, ID_REGION) VALUES('Río Negro',13);
INSERT INTO COMUNA(COMUNA, ID_REGION) VALUES('San Juan de la Costa',13);
INSERT INTO COMUNA(COMUNA, ID_REGION) VALUES('San Pablo',13);
INSERT INTO COMUNA(COMUNA, ID_REGION) VALUES('Chaitén',13);
INSERT INTO COMUNA(COMUNA, ID_REGION) VALUES('Futaleufú',13);
INSERT INTO COMUNA(COMUNA, ID_REGION) VALUES('Hualaihué',13);
INSERT INTO COMUNA(COMUNA, ID_REGION) VALUES('Palena',13);
INSERT INTO COMUNA(COMUNA, ID_REGION) VALUES('Aisén',14);
INSERT INTO COMUNA(COMUNA, ID_REGION) VALUES('Cisnes',14);
INSERT INTO COMUNA(COMUNA, ID_REGION) VALUES('Guaitecas',14);
INSERT INTO COMUNA(COMUNA, ID_REGION) VALUES('Cochrane',14);
INSERT INTO COMUNA(COMUNA, ID_REGION) VALUES('O''higgins',14);
INSERT INTO COMUNA(COMUNA, ID_REGION) VALUES('Tortel',14);
INSERT INTO COMUNA(COMUNA, ID_REGION) VALUES('Coihaique',14);
INSERT INTO COMUNA(COMUNA, ID_REGION) VALUES('Lago Verde',14);
INSERT INTO COMUNA(COMUNA, ID_REGION) VALUES('Chile Chico',14);
INSERT INTO COMUNA(COMUNA, ID_REGION) VALUES('Río Ibáñez',14);
INSERT INTO COMUNA(COMUNA, ID_REGION) VALUES('Antártica',15);
INSERT INTO COMUNA(COMUNA, ID_REGION) VALUES('Cabo de Hornos',15);
INSERT INTO COMUNA(COMUNA, ID_REGION) VALUES('Laguna Blanca',15);
INSERT INTO COMUNA(COMUNA, ID_REGION) VALUES('Punta Arenas',15);
INSERT INTO COMUNA(COMUNA, ID_REGION) VALUES('Río Verde',15);
INSERT INTO COMUNA(COMUNA, ID_REGION) VALUES('San Gregorio',15);
INSERT INTO COMUNA(COMUNA, ID_REGION) VALUES('Porvenir',15);
INSERT INTO COMUNA(COMUNA, ID_REGION) VALUES('Primavera',15);
INSERT INTO COMUNA(COMUNA, ID_REGION) VALUES('Timaukel',15);
INSERT INTO COMUNA(COMUNA, ID_REGION) VALUES('Natales',15);
INSERT INTO COMUNA(COMUNA, ID_REGION) VALUES('Torres del Paine',15);

-- USUARIO
INSERT INTO USUARIO VALUES('15624578','K', 'Francisco', 'Ignacio', 'Donoso', 'Mendoza', '10/11/1984', 'f.donoso@gmail.com', '+56951135487', null, '117735823fadae51db091c7d63e60eb0', 2, 1, 3);
INSERT INTO USUARIO VALUES('15624572','0', 'Andrea', 'Fernanda', 'Espinoza', 'Lopez', '21/09/1989', 'a.fernan@gmail.com', '+56911234458', '+56265652458', '1c42f9c1ca2f65441465b43cd9339d6c', 1, 1, 1);
INSERT INTO USUARIO VALUES('18565249','1', 'Luis', 'Andres', 'Gonzalez', 'Suazo', '22/08/1991', 'l.andres@gmail.com', '+56919874458', null, '117735823fadae51db091c7d63e60eb0', 2, 2, 2);
INSERT INTO USUARIO VALUES('18565246','7', 'Francesca', 'Sanders', 'Mcdonald', 'Park', '13/06/1982', 'f.sanders@gmail.com', '+56951135489', null, 'fbc71ce36cc20790f2eeed2197898e71', 1, 1, 3);
INSERT INTO USUARIO VALUES('19874660','6', 'Sharon', 'Clementine', 'Mclean', 'Mendoza', '05/04/1993', 's.clementine@gmail.com', '+56951136254', null, 'fbc71ce36cc20790f2eeed2197898e71', 1, 1, 3);

-- TIPO DEPARTAMENTO
INSERT INTO TIPO_DEPARTAMENTO VALUES(SEQ_TIPO_DEPARTAMENTO.NEXTVAL, 'Estudio');
INSERT INTO TIPO_DEPARTAMENTO VALUES(SEQ_TIPO_DEPARTAMENTO.NEXTVAL, 'Duplex');
INSERT INTO TIPO_DEPARTAMENTO VALUES(SEQ_TIPO_DEPARTAMENTO.NEXTVAL, 'Normal');

-- DEPARTAMENTO
INSERT INTO DEPARTAMENTO VALUES(SEQ_DEPARTAMENTO.NEXTVAL, '006-036', 3, 2, 'Ubicado a pasos metros de la costa', 150, 60000, 3, 3);
INSERT INTO DEPARTAMENTO VALUES(SEQ_DEPARTAMENTO.NEXTVAL, '005-049', 3, 1, 'Ubicado en la orilla del volcán', 120, 55000, 3, 3);
INSERT INTO DEPARTAMENTO VALUES(SEQ_DEPARTAMENTO.NEXTVAL, '002-096', 4, 2, 'Ubicado en medio de la nada', 200, 92000, 3, 3);
INSERT INTO DEPARTAMENTO VALUES(SEQ_DEPARTAMENTO.NEXTVAL, '020-023', 2, 2, 'Departamento con bonita vista', 90, 48000, 3, 3);
INSERT INTO DEPARTAMENTO VALUES(SEQ_DEPARTAMENTO.NEXTVAL, '015-098', 4, 2, 'Ubicado a pasos metros de la costa', 200, 120000, 3, 3);

-- DIRECCION
-- DIRECCION DEPARTAMENTO
INSERT INTO DIRECCION VALUES(SEQ_DIRECCION.NEXTVAL, 1, null, 4, 'Calle Santa Emilia', '2026', '12A', null);
INSERT INTO DIRECCION VALUES(SEQ_DIRECCION.NEXTVAL, 2, null, 12, 'Calle Europa', '125', '22', null);
INSERT INTO DIRECCION VALUES(SEQ_DIRECCION.NEXTVAL, 3, null, 22, 'Calle Galaxia', '654', '34', null);
INSERT INTO DIRECCION VALUES(SEQ_DIRECCION.NEXTVAL, 4, null, 31, 'Calle Las Palmeras', '1205', '720', null);
INSERT INTO DIRECCION VALUES(SEQ_DIRECCION.NEXTVAL, 5, null, 45, 'Calle Valdivia', '1920', '34C', null);
-- DIRECCION USUARIO
INSERT INTO DIRECCION VALUES(SEQ_DIRECCION.NEXTVAL, null, '15624578', 102, 'Calle Emilia', '2066', '12A', null);
INSERT INTO DIRECCION VALUES(SEQ_DIRECCION.NEXTVAL, null, '15624572', 35, 'Calle Santa Europa', '1225', '22', null);
INSERT INTO DIRECCION VALUES(SEQ_DIRECCION.NEXTVAL, null, '18565249', 92, 'Calle Palmera', '65', null, '134A');
INSERT INTO DIRECCION VALUES(SEQ_DIRECCION.NEXTVAL, null, '18565246', 201, 'Calle Las Galaxia', '205', '720', null);
INSERT INTO DIRECCION VALUES(SEQ_DIRECCION.NEXTVAL, null, '19874660', 76, 'Calle Valdivia', '1920', null, '34');

-- IMAGEN
INSERT INTO IMAGEN VALUES(SEQ_IMAGEN.NEXTVAL, 1, EMPTY_BLOB());
INSERT INTO IMAGEN VALUES(SEQ_IMAGEN.NEXTVAL, 1, EMPTY_BLOB());
INSERT INTO IMAGEN VALUES(SEQ_IMAGEN.NEXTVAL, 1, EMPTY_BLOB());
INSERT INTO IMAGEN VALUES(SEQ_IMAGEN.NEXTVAL, 2, EMPTY_BLOB());
INSERT INTO IMAGEN VALUES(SEQ_IMAGEN.NEXTVAL, 2, EMPTY_BLOB());
INSERT INTO IMAGEN VALUES(SEQ_IMAGEN.NEXTVAL, 3, EMPTY_BLOB());
INSERT INTO IMAGEN VALUES(SEQ_IMAGEN.NEXTVAL, 3, EMPTY_BLOB());
INSERT INTO IMAGEN VALUES(SEQ_IMAGEN.NEXTVAL, 3, EMPTY_BLOB());
INSERT INTO IMAGEN VALUES(SEQ_IMAGEN.NEXTVAL, 4, EMPTY_BLOB());
INSERT INTO IMAGEN VALUES(SEQ_IMAGEN.NEXTVAL, 4, EMPTY_BLOB());
INSERT INTO IMAGEN VALUES(SEQ_IMAGEN.NEXTVAL, 5, EMPTY_BLOB());
INSERT INTO IMAGEN VALUES(SEQ_IMAGEN.NEXTVAL, 5, EMPTY_BLOB());
INSERT INTO IMAGEN VALUES(SEQ_IMAGEN.NEXTVAL, 5, EMPTY_BLOB());

-- INVENTARIO
INSERT INTO INVENTARIO VALUES(SEQ_INVENTARIO.NEXTVAL, 1, 'Cuadro egipcio', 200000);
INSERT INTO INVENTARIO VALUES(SEQ_INVENTARIO.NEXTVAL, 1, 'TV LED 50"', 3200000);
INSERT INTO INVENTARIO VALUES(SEQ_INVENTARIO.NEXTVAL, 1, 'Mesa centro vidrio', 120000);
INSERT INTO INVENTARIO VALUES(SEQ_INVENTARIO.NEXTVAL, 2, 'Espejo', 80000);
INSERT INTO INVENTARIO VALUES(SEQ_INVENTARIO.NEXTVAL, 2, 'Mesa pool', 360000);
INSERT INTO INVENTARIO VALUES(SEQ_INVENTARIO.NEXTVAL, 3, 'Ventilador', 50000);
INSERT INTO INVENTARIO VALUES(SEQ_INVENTARIO.NEXTVAL, 3, 'Parrilla', 120000);
INSERT INTO INVENTARIO VALUES(SEQ_INVENTARIO.NEXTVAL, 3, 'Espejo', 63000);
INSERT INTO INVENTARIO VALUES(SEQ_INVENTARIO.NEXTVAL, 4, 'Mesa pool', 200000);
INSERT INTO INVENTARIO VALUES(SEQ_INVENTARIO.NEXTVAL, 4, 'TV Smart TV 55"', 420000);
INSERT INTO INVENTARIO VALUES(SEQ_INVENTARIO.NEXTVAL, 5, 'Cuadro Paisaje', 110000);
INSERT INTO INVENTARIO VALUES(SEQ_INVENTARIO.NEXTVAL, 5, 'Parrilla electrica', 95000);
INSERT INTO INVENTARIO VALUES(SEQ_INVENTARIO.NEXTVAL, 5, 'Cuadro egipcio', 350000);

-- MANTENCION
INSERT INTO MANTENCION VALUES(SEQ_MANTENCION.NEXTVAL, 1, 1, 1, 'Cambia TV actual por TV LED 60"', '03/10/21', null, 520000);
INSERT INTO MANTENCION VALUES(SEQ_MANTENCION.NEXTVAL, 1, 3, 3, 'Limpieza de inmueble', '03/08/21', 'Sin observación', 30000);
INSERT INTO MANTENCION VALUES(SEQ_MANTENCION.NEXTVAL, 3, 3, 4, 'Reparación rotura cañería', '25/02/21', 'Cañería cambiada', 60000);
INSERT INTO MANTENCION VALUES(SEQ_MANTENCION.NEXTVAL, 5, 3, 4, 'Reparación cerámica baño', '02/09/21', 'Se cambiaron 3 cerámicas', 65000);
INSERT INTO MANTENCION VALUES(SEQ_MANTENCION.NEXTVAL, 3, 1, 2, 'Pintar departamento', '14/12/21', null, 150000);

-- INSTALACION DEPARTAMENTO
INSERT INTO INSTALACION_DEPARTAMENTO VALUES(SEQ_INSTALACION_DEPARTAMENTO.NEXTVAL, 1, 1);
INSERT INTO INSTALACION_DEPARTAMENTO VALUES(SEQ_INSTALACION_DEPARTAMENTO.NEXTVAL, 1, 3);
INSERT INTO INSTALACION_DEPARTAMENTO VALUES(SEQ_INSTALACION_DEPARTAMENTO.NEXTVAL, 2, 2);
INSERT INTO INSTALACION_DEPARTAMENTO VALUES(SEQ_INSTALACION_DEPARTAMENTO.NEXTVAL, 2, 3);
INSERT INTO INSTALACION_DEPARTAMENTO VALUES(SEQ_INSTALACION_DEPARTAMENTO.NEXTVAL, 2, 5);
INSERT INTO INSTALACION_DEPARTAMENTO VALUES(SEQ_INSTALACION_DEPARTAMENTO.NEXTVAL, 3, 2);
INSERT INTO INSTALACION_DEPARTAMENTO VALUES(SEQ_INSTALACION_DEPARTAMENTO.NEXTVAL, 3, 3);
INSERT INTO INSTALACION_DEPARTAMENTO VALUES(SEQ_INSTALACION_DEPARTAMENTO.NEXTVAL, 4, 4);
INSERT INTO INSTALACION_DEPARTAMENTO VALUES(SEQ_INSTALACION_DEPARTAMENTO.NEXTVAL, 4, 1);
INSERT INTO INSTALACION_DEPARTAMENTO VALUES(SEQ_INSTALACION_DEPARTAMENTO.NEXTVAL, 4, 2);
INSERT INTO INSTALACION_DEPARTAMENTO VALUES(SEQ_INSTALACION_DEPARTAMENTO.NEXTVAL, 5, 2);
INSERT INTO INSTALACION_DEPARTAMENTO VALUES(SEQ_INSTALACION_DEPARTAMENTO.NEXTVAL, 5, 3);
INSERT INTO INSTALACION_DEPARTAMENTO VALUES(SEQ_INSTALACION_DEPARTAMENTO.NEXTVAL, 5, 1);

-- GASTO
INSERT INTO GASTO VALUES(SEQ_GASTO.NEXTVAL, 1, 'Pago contribuciones', '29/04/21', '25/04/21', 230000, 1);
INSERT INTO GASTO VALUES(SEQ_GASTO.NEXTVAL, 2, 'Pago gastos comunes', '29/08/21', '28/08/21', 120000, 2);
INSERT INTO GASTO VALUES(SEQ_GASTO.NEXTVAL, 2, 'Pago gastos comunes', '29/09/21', null, 120000, 2);
INSERT INTO GASTO VALUES(SEQ_GASTO.NEXTVAL, 3, 'Reparación cerámicas', '29/04/21', '25/04/21', 230000, 5);
INSERT INTO GASTO VALUES(SEQ_GASTO.NEXTVAL, 2, 'Pago gastos comunes', '29/04/21', '25/05/21', 85000, 4);

-- CONDUCTOR
INSERT INTO CONDUCTOR VALUES(SEQ_CONDUCTOR.NEXTVAL, '15652655', 'K', 'George', 'Manuel', 'Richter', 'Polo', 'Maxus', 'V90', 'Blanco', 'SS-WW-20');
INSERT INTO CONDUCTOR VALUES(SEQ_CONDUCTOR.NEXTVAL, '14854661', '4', 'Alberto', 'Ander', 'Sanz', 'Real', 'Ford', 'Transit', 'Rojo', 'QQ-WW-54');
INSERT INTO CONDUCTOR VALUES(SEQ_CONDUCTOR.NEXTVAL, '15652658', '4', 'Aziz', 'Eliseo', 'Galindo', 'Miro', 'Audi', 'Q7', 'Blanco', 'QW-QW-12');
INSERT INTO CONDUCTOR VALUES(SEQ_CONDUCTOR.NEXTVAL, '14854664', '9', 'Gloria', 'Maria', 'Bonilla', 'Bueno', 'Honda', 'HR', 'Negro', 'DT-TD-36');
INSERT INTO CONDUCTOR VALUES(SEQ_CONDUCTOR.NEXTVAL, '17564265', 'K', 'Maria', 'Fernanda', 'Rodenas', 'Casanova', 'Subaru', 'Outback', 'Negro', 'HY-NH-22');

-- ESTADO RESERVA
INSERT INTO ESTADO_RESERVA VALUES(SEQ_ESTADO_RESERVA.NEXTVAL, 'Cargada');
INSERT INTO ESTADO_RESERVA VALUES(SEQ_ESTADO_RESERVA.NEXTVAL, 'Check In');
INSERT INTO ESTADO_RESERVA VALUES(SEQ_ESTADO_RESERVA.NEXTVAL, 'Check Out');
INSERT INTO ESTADO_RESERVA VALUES(SEQ_ESTADO_RESERVA.NEXTVAL, 'Cerrada');
INSERT INTO ESTADO_RESERVA VALUES(SEQ_ESTADO_RESERVA.NEXTVAL, 'Cancelada');

-- ASISTENTE
INSERT INTO ASISTENTE VALUES('16526553', 'K', 'Andrea', 'Florencia', 'Segura', 'Montaño', 'af.segura@gmail.com');
INSERT INTO ASISTENTE VALUES('16526555', '6', 'Filomena', 'Adelina ', 'Hervas', 'Fonseca', 'fhervas@gmail.com');
INSERT INTO ASISTENTE VALUES('12658987', '5', 'Juan', 'Antonio', 'Mariño', 'Pellicer', 'juan.marino.p@gmail.com');
INSERT INTO ASISTENTE VALUES('16445269', '7', 'Jose', 'Javier', 'Vivas', 'Lillo', 'j.vivas@gmail.com');
INSERT INTO ASISTENTE VALUES('16445271', '9', 'Axel', 'Guerra', 'Ayala', 'Espino', 'aayala@gmail.com');

-- RESERVA
INSERT INTO RESERVA VALUES(SEQ_RESERVA.NEXTVAL, '01/10/21', '10/10/21', 125000 , null, null, null, null, null, null, 1, 1, '15624578');
INSERT INTO RESERVA VALUES(SEQ_RESERVA.NEXTVAL, '27/09/21', '05/10/21', 230000, null, null, null, null, null, null, 1, 3, '18565246');
INSERT INTO RESERVA VALUES(SEQ_RESERVA.NEXTVAL, '20/09/21', '30/09/21', 250000, '20/09/21 10:00:00', null, 'S', null, 'Check in en buenas condiciones', null, 2, 5, '15624578');
INSERT INTO RESERVA VALUES(SEQ_RESERVA.NEXTVAL, '01/09/21', '10/09/21', 122000, '01/09/21 10:33:00', '10/09/21 13:20:00', 'S', 'S', 'Check in en buen estado', 'Devuelto en perfectas condiciones', 4, 4, '19874660');
INSERT INTO RESERVA VALUES(SEQ_RESERVA.NEXTVAL, '20/08/21', '05/09/21', 220000, '20/08/21 12:16:15', '05/09/21 12:54:32', 'S', 'S', 'Todo bien', 'Todo correcto', 4, 5, '19874660');

-- ASISTENTE RESERVA
INSERT INTO ASISTENTE_RESERVA VALUES(SEQ_ASISTENTE_RESERVA.NEXTVAL, 1, '16526553');
INSERT INTO ASISTENTE_RESERVA VALUES(SEQ_ASISTENTE_RESERVA.NEXTVAL, 1, '16526555');
INSERT INTO ASISTENTE_RESERVA VALUES(SEQ_ASISTENTE_RESERVA.NEXTVAL, 2, '12658987');
INSERT INTO ASISTENTE_RESERVA VALUES(SEQ_ASISTENTE_RESERVA.NEXTVAL, 4, '16445271');
INSERT INTO ASISTENTE_RESERVA VALUES(SEQ_ASISTENTE_RESERVA.NEXTVAL, 4, '16445269');
INSERT INTO ASISTENTE_RESERVA VALUES(SEQ_ASISTENTE_RESERVA.NEXTVAL, 3, '16526553');
INSERT INTO ASISTENTE_RESERVA VALUES(SEQ_ASISTENTE_RESERVA.NEXTVAL, 3, '12658987');

-- PAGO
INSERT INTO PAGO VALUES(SEQ_PAGO.NEXTVAL, '01/10/21', 'Pago completo reserva', '01/10/21', 125000, 1, 1);
INSERT INTO PAGO VALUES(SEQ_PAGO.NEXTVAL, '27/09/21', 'Pago completo reserva', '27/09/21', 230000, 1, 2);
INSERT INTO PAGO VALUES(SEQ_PAGO.NEXTVAL, '01/09/21', 'Adelanto de reserva', '01/09/21', 150000, 2, 2);
INSERT INTO PAGO VALUES(SEQ_PAGO.NEXTVAL, '01/09/21', 'Adelanto de reserva', '01/09/21', 150000, 2, 3);
INSERT INTO PAGO VALUES(SEQ_PAGO.NEXTVAL, '27/09/21', 'Pago completo reserva', '27/09/21', 230000, 1, 4);

-- SERVICIO RESERVA
INSERT INTO SERVICIO_RESERVA VALUES(SEQ_SERVICIO_RESERVA.NEXTVAL, '01/10/21', '10/10/21', 50000, null, null, 1, 2, 1);
INSERT INTO SERVICIO_RESERVA VALUES(SEQ_SERVICIO_RESERVA.NEXTVAL, '01/10/21', '10/10/21', 50000, null, null, 2, 1, 2);
INSERT INTO SERVICIO_RESERVA VALUES(SEQ_SERVICIO_RESERVA.NEXTVAL, '01/10/21', '10/10/21', 50000, null, null, 2, 3, 2);
INSERT INTO SERVICIO_RESERVA VALUES(SEQ_SERVICIO_RESERVA.NEXTVAL, '01/10/21', '10/10/21', 50000, 'El manzano 714', '01/10/21 10:30:00', 3, 1, 4);
INSERT INTO SERVICIO_RESERVA VALUES(SEQ_SERVICIO_RESERVA.NEXTVAL, '01/10/21', '10/10/21', 50000, 'Los laureles 234', '01/10/21 10:30:00', 3, 2, 5);

SET SERVEROUTPUT ON;
COMMIT;